category,Year,bien_niem_yet_theo_luong_ban,bien_thuc_te_gop,bien_thuc_te_net,gia_ban_tren_niem_yet_pct
Casual,2012,18.442637832951554,18.535996369393544,18.62789877469965,100.11460096764372
Casual,2013,18.960765255113145,14.841394960113039,10.815570850510769,95.16270811027182
Casual,2014,15.096814325214975,10.018530007673725,5.213173078842212,94.35629989377333
Casual,2015,14.380853836776058,9.666567072157035,5.300804995079094,94.78123811769146
Casual,2016,14.419773648179559,9.92047708427228,5.796951623824309,95.00519494523022
Casual,2017,13.481217797974987,8.801971027816148,4.488287284073771,94.86913607355916
Casual,2018,15.729719610389875,11.203665677322974,7.07075394267451,94.902882007922
Casual,2019,16.77420802147936,12.325385807789639,8.34376659442542,94.92575786653991
Casual,2020,15.618375640891571,11.036303360191583,6.889739310434894,94.8495032763177
Casual,2021,18.26431889723504,14.165096423517967,10.629876059084946,95.2242941939528
Casual,2022,18.803375755887046,14.22592676123792,10.20856087586652,94.66336525501445
GenZ,2012,22.5022184531642,22.46838082158769,22.363379595279373,99.95635634604942
GenZ,2013,22.390635018078655,18.111859858080127,14.009058604209468,94.77485365697278
GenZ,2014,22.219831227326594,18.275448163492683,14.597556204823455,95.17356415520665
GenZ,2015,24.142975008096194,20.005141961923947,15.949678308344502,94.82737622435342
GenZ,2016,23.605756972302718,19.647110850643482,15.911115513203436,95.07342403793213
GenZ,2017,22.443668369663737,18.417703568215966,14.924347748908312,95.06514896303008
GenZ,2018,23.298825505614094,19.4930113361849,15.687791551872133,95.27269093951372
GenZ,2019,23.668059704849675,19.582618236083675,15.493998847857096,94.91970345321643
GenZ,2020,21.968111080279318,17.544387891094576,13.585190283013107,94.63502474113952
GenZ,2021,21.83827231616726,17.532602749644248,13.600041592819373,94.77894330355572
GenZ,2022,24.441613042607017,20.45319467009449,16.777596576526935,94.98607347464011
Outdoor,2012,21.639504225223384,21.63047062532809,21.611157490522732,99.98847307114464
Outdoor,2013,21.011778000556294,14.582175081535325,8.466755778265481,92.47276206674857
Outdoor,2014,21.262923390845636,15.792338306788697,10.630310059655269,93.50345921730069
Outdoor,2015,23.07673792307037,16.66423018741299,10.489856057001104,92.30521569539899
Outdoor,2016,22.606464807387695,17.460320671894028,12.747930956586409,93.76524820863784
Outdoor,2017,21.775875742948955,15.91477031288565,10.402946827086486,93.02956601073365
Outdoor,2018,21.881598251380836,17.25776196586882,12.92518564440521,94.41175825627936
Outdoor,2019,20.98912771690563,14.806189638993466,8.92252945519742,92.74250317985295
Outdoor,2020,21.362744438262798,16.55010341714576,12.096005363560359,94.23289756106678
Outdoor,2021,21.019387669344624,14.735430264402103,8.742019492220706,92.63004853665616
Outdoor,2022,20.01161201035772,14.750231711414113,9.915665254108372,93.82827612958093
Streetwear,2012,20.53958457517039,20.542757328317222,20.582984416166013,100.00399303202596
Streetwear,2013,20.23131668938464,10.53836678640938,6.018535041533666,89.16524374216014
Streetwear,2014,20.110873427622668,15.98106441893238,12.187792647325677,95.084668735531
Streetwear,2015,19.754925077543955,10.624954608773074,6.148571717001967,89.78465361465754
Streetwear,2016,19.077211623236696,15.05308233651516,11.312560146169927,95.26277186105442
Streetwear,2017,19.758094709375165,10.358810289302724,5.82279589996794,89.5145474414082
Streetwear,2018,20.72879348954409,16.705703218546343,12.945506056398234,95.17002912990134
Streetwear,2019,20.48084628086002,10.794289606481453,6.407430555350949,89.1413266800436
Streetwear,2020,20.311803478080297,16.059437216832844,12.029932161333871,94.93407463536782
Streetwear,2021,18.35669092984964,8.698957617913077,4.086640576155908,89.42209961686987
Streetwear,2022,16.745869563504378,12.24094947060884,8.051922453669867,94.86671737476603
