week_start,bien_thuc_te_gop,khuyen_mai_dang_chay
2021-08-09,-46.463101986393276,Urban Blowout 2021
2021-08-23,-46.121972427280475,Urban Blowout 2021
2021-08-16,-45.5773818831385,Urban Blowout 2021
2019-08-05,-39.52338766273555,Urban Blowout 2019
2017-08-14,-39.49711821538568,Urban Blowout 2017
2019-08-12,-39.20482067473188,Urban Blowout 2019
2015-08-03,-38.527542088272625,Urban Blowout 2015
2015-08-10,-38.1970128922886,Urban Blowout 2015
2017-08-21,-36.1879947483613,Urban Blowout 2017
2015-08-17,-35.904395106685314,Urban Blowout 2015
2013-08-05,-35.29846208475791,Urban Blowout 2013
2017-08-07,-34.65429645187589,Urban Blowout 2017
