Year,so_ngay,doanh_thu,gia_von,dt_trung_binh_ngay_trieu,bien_gop_pct,tang_truong_dt_ngay_pct
2012,181,741497748.02,587461923.81,4.096672640994475,20.77360647706853,
2013,365,1657169417.27,1465980103.2,4.54019018430137,11.537101281108775,10.826287140171154
2014,365,1871845882.8,1574607456.89,5.128344884383561,15.879428356856806,12.954406670360541
2015,365,1889933826.92,1665441817.42,5.177900895671233,11.87829998608214,0.9663158856296095
2016,366,2104640677.54,1780559392.69,5.750384364863388,15.398414005225868,11.056284790439985
2017,365,1911164325.28,1694385793.54,5.236066644602739,11.342746872812226,-8.944058129458055
2018,365,1850122456.08,1542175766.14,5.06882864679452,16.644665272182614,-3.1939623606702106
2019,365,1136801441.51,1005202883.72,3.114524497287671,11.576213134916436,-38.555340606014234
2020,366,1054512158.79,886085097.63,2.8811807617213114,15.972035955778985,-7.492114310533449
2021,365,1043039819.63,941130120.16,2.8576433414520546,9.770451477696284,-0.8169366039774251
2022,365,1169748831.69,1020420163.97,3.2047913196986304,12.765874491557028,12.148051270463277
