,gross_all,gross_all,gross_all,gross_all,net_excl_cancelled,net_excl_cancelled,net_excl_cancelled,net_excl_cancelled
category,Casual,GenZ,Outdoor,Streetwear,Casual,GenZ,Outdoor,Streetwear
Year,,,,,,,,
2012,1.59,1.27,21.94,75.2,1.59,1.28,22.04,75.09
2013,1.75,1.63,19.96,76.66,1.72,1.64,19.62,77.02
2014,1.71,1.57,18.9,77.82,1.7,1.59,18.61,78.1
2015,2.08,2.01,17.92,77.99,2.09,2.05,17.56,78.31
2016,2.18,1.87,15.4,80.54,2.19,1.88,15.18,80.75
2017,2.74,2.03,15.5,79.74,2.76,2.04,15.3,79.91
2018,3.82,3.12,11.27,81.78,3.86,3.11,11.11,81.92
2019,3.84,2.27,13.01,80.89,3.82,2.29,12.82,81.07
2020,3.48,2.09,11.46,82.97,3.44,2.09,11.35,83.12
2021,4.33,2.54,10.1,83.03,4.31,2.57,9.88,83.23
2022,4.63,2.52,9.0,83.85,4.7,2.52,8.92,83.87
