promo_name,theme,lift_pct
Spring Sale 2013,Spring Sale,52.31573338311546
Mid-Year Sale 2013,Mid-Year Sale,-19.426872566275712
Fall Launch 2013,Fall Launch,16.515503130382637
Year-End Sale 2013,Year-End Sale,-18.96536349786866
Urban Blowout 2013,Urban Blowout,-19.699203352852212
Rural Special 2013,Rural Special,31.759037656936883
Spring Sale 2014,Spring Sale,41.8109822446316
Mid-Year Sale 2014,Mid-Year Sale,-27.811838201944074
Fall Launch 2014,Fall Launch,-26.83539285912714
Year-End Sale 2014,Year-End Sale,-10.884094391617516
Spring Sale 2015,Spring Sale,56.890942974327885
Mid-Year Sale 2015,Mid-Year Sale,-26.22126294724533
Fall Launch 2015,Fall Launch,41.38212507682051
Year-End Sale 2015,Year-End Sale,-19.28293085358117
Urban Blowout 2015,Urban Blowout,-22.362214865496842
Rural Special 2015,Rural Special,48.90736009038417
Spring Sale 2016,Spring Sale,49.986738240228966
Mid-Year Sale 2016,Mid-Year Sale,-33.119325399185875
Fall Launch 2016,Fall Launch,-24.470273568257895
Year-End Sale 2016,Year-End Sale,-18.67249845628052
Spring Sale 2017,Spring Sale,56.53724158516478
Mid-Year Sale 2017,Mid-Year Sale,-31.503542905190795
Fall Launch 2017,Fall Launch,23.579040506358282
Year-End Sale 2017,Year-End Sale,-29.117971533198407
Urban Blowout 2017,Urban Blowout,-30.041536448194105
Rural Special 2017,Rural Special,36.82047490922366
Spring Sale 2018,Spring Sale,39.86963120078093
Mid-Year Sale 2018,Mid-Year Sale,-30.951246720448733
Fall Launch 2018,Fall Launch,-30.029858497065966
Year-End Sale 2018,Year-End Sale,-31.422821456035066
Spring Sale 2019,Spring Sale,39.313980563231276
Mid-Year Sale 2019,Mid-Year Sale,-26.082674482453292
Fall Launch 2019,Fall Launch,14.771339910368276
Year-End Sale 2019,Year-End Sale,-35.140251863509285
Urban Blowout 2019,Urban Blowout,-13.470878648984886
Rural Special 2019,Rural Special,32.45402552077814
Spring Sale 2020,Spring Sale,79.29358620499343
Mid-Year Sale 2020,Mid-Year Sale,-25.35915729893944
Fall Launch 2020,Fall Launch,-21.179043667157703
Year-End Sale 2020,Year-End Sale,-28.069570025493682
Spring Sale 2021,Spring Sale,54.97016378381119
Mid-Year Sale 2021,Mid-Year Sale,-29.83057201518141
Fall Launch 2021,Fall Launch,18.13626108773907
Year-End Sale 2021,Year-End Sale,-18.950500793346926
Urban Blowout 2021,Urban Blowout,-20.385569400369896
Rural Special 2021,Rural Special,54.906019046755404
Spring Sale 2022,Spring Sale,34.92573617762535
Mid-Year Sale 2022,Mid-Year Sale,-30.279735581319112
Fall Launch 2022,Fall Launch,-16.034181749235454
Year-End Sale 2022,Year-End Sale,-23.31621308558326
