,tuong_quan_goc,tuong_quan_diff7,chenh
Số đánh giá,0.571524904940307,-0.01424077915012365,0.5857656840904307
Số lượt trả,0.4507569050674102,-0.11565935219399323,0.5664162572614034
Lượt truy cập,0.3210501612846629,0.02165990203561217,0.2993902592490507
Lượt xem trang,0.3015730801867615,0.029367999453307408,0.27220508073345406
Tổng chiết khấu,0.23420154348476832,0.3845821264017769,-0.1503805829170086
Lợi nhuận gộp,0.6872379356283509,0.609059603953038,0.07817833167531285
Số sản phẩm,0.921589845661864,0.9426155993971111,-0.021025753735247177
Tỷ lệ thoát,-0.020551417271431532,-0.004427358912252915,-0.016124058359178618
Số đơn,0.9376623632789586,0.948784153326696,-0.01112179004773739
Giá vốn,0.9760218007249049,0.980448936502339,-0.0044271357774341435
