Predictor,Response,Slope_b1,Intercept_b0,SE_Slope,R2,Adj_R2,p_value,F_stat,Pearson_r,Cohen_d_corr,Cohen_f2,Cohen_d_group,p_wilcoxon,Slope_95CI_Low,Slope_95CI_High,Intercept_95CI_Low,Intercept_95CI_High,R2_95CI_Low,R2_95CI_High
Sessions,Revenue,90.72204069960334,2024156.0935690058,4.429676236689172,0.1030732060609083,0.10282747269270587,2.481323820723363e-88,419.4514030181411,0.3210501612846633,0.6779917185562371,0.11491819260770994,0.8575026827485638,3.1128010636001004e-134,82.46092801945674,99.02431321892811,1837695.946859039,2208218.1987230307,0.08841876286605278,0.1192067180516082
Pageviews,Revenue,18.055789055247995,2334862.813429898,0.9448703743062571,0.09094632269333203,0.09069726689133029,1.1643383549354991e-77,365.1644409097724,0.3015730801867629,0.6325979838856485,0.10004505230404719,0.7361198239576082,1.2714298943348181e-104,16.204573135788166,19.930138657048474,2153841.888281111,2528830.372305729,0.0758066895997713,0.10628688984171801
Orders,Revenue,22238.742606536984,551618.1383368182,136.4368017772489,0.8792107075098836,0.879177614553037,0.0,26567.910253085247,0.9376623632789594,5.395879732311752,7.2788795213932165,1.7988954749909327,0.0,21784.657412235338,22685.616474748036,490146.67392309103,614050.3773426819,0.8667073145993749,0.8915411247923914
AOV,Revenue,-34.34230971197891,5219313.960401482,7.58365564289568,0.005586962257008943,0.005314520328860262,6.131226192308824e-06,20.506983983604034,-0.07474598488887986,-0.14991133081031074,0.005618351776329897,-0.25790043615823793,8.565353439500664e-11,-46.1921383901719,-22.31606547283391,4855451.74998664,5574656.022564868,0.0024111171976656876,0.009907336649323568
Units,Revenue,4329.327540525302,684046.2528389096,30.182334844174154,0.8493278436270525,0.8492865635842106,0.0,20574.781060180947,0.9215898456618608,4.748442404771393,5.636926317857792,1.765353818468563,0.0,4220.467085867512,4433.045490061068,609881.8430874139,757399.3513485502,0.8330567404286935,0.8649573905790691
COGS,Revenue,1.1536090830367631,7556.156270315405,0.0042585020900113004,0.9526185554902853,0.9526055742726114,0.0,73384.37575128456,0.9760218007249044,8.96778867391719,20.105308425009458,1.9466315618780132,0.0,1.1387271605400766,1.1683375648088967,-37137.6984389812,53299.5501353969,0.946362665578316,0.9579136440985309
Discounts,Revenue,1.8535637917515968,3915535.00847226,0.12735665326934223,0.05485036297064749,0.05459141786461208,1.0906672717251469e-46,211.82235806820267,0.2342015434847676,0.48180295872238765,0.058033522758411706,0.0,,1.5215297338440388,2.1545305633173277,3805485.5612897445,4024263.9078299454,0.03456679521169578,0.0788051974686513
Bounce Rate,Revenue,-72716889.05114187,4622298.30267131,58553835.39946275,0.00042236075186430355,0.00014850386439912988,0.21436030453361124,1.542268137834809,-0.020551417271430106,-0.04111151740548297,0.0004225392158452001,-0.06811797412275138,0.0523693860726998,-192445792.59202152,45487363.96052764,4083751.8411366856,5167815.107048207,1.2521160200581326e-06,0.0029048409629907654
Sessions,Orders,0.002273912077999844,111.42907216647674,0.00019358539555905377,0.03642461654583906,0.03616062329009828,2.6814618361434727e-31,137.97555715435848,0.1908523422592413,0.3888522727619986,0.03780152250804345,0.6100650176448636,1.1405960605031932e-74,0.0019303333670629193,0.0026246369296785005,103.16923677300124,119.95598331203553,0.027232757770024145,0.04705328211340338
Pageviews,Orders,0.00045726204225460254,118.7062316499371,4.109316190347505e-05,0.032810284070321605,0.03254530058650529,2.6189018341865394e-28,123.82010983394385,0.18113609267708483,0.3683656757230469,0.03392331776272438,0.5050243105703669,2.343882165181864e-53,0.00037721408464571964,0.0005377612450462112,110.23923376261108,127.01242814413521,0.02348561218644921,0.043632500061354884
Discounts,Orders,0.00012893159515523937,141.90742948506647,5.094483258566769e-06,0.14928309526082506,0.14905002213623908,2.4593660192501185e-130,640.4989658329051,0.38637170608214166,0.8378046758555208,0.17547916872134384,0.0,,0.00011707207678391783,0.0001397709680477742,137.63351504369672,146.47965095065007,0.11543426198618628,0.18438205327602641
Discounts,AOV,-0.006966345194994512,28315.623203567375,0.00026076482968041446,0.1635526843704047,0.16332352072228706,9.199387223255398e-144,713.6938415572997,-0.40441647391075036,-0.884381273729305,0.1955325593307671,0.0,,-0.007521090271215795,-0.006437683016436374,28109.63817543681,28523.322971614773,0.14619871233809079,0.18208849254433107
Orders,AOV,-18.317340182806298,29969.839857963638,0.7988261778926133,0.125915906844296,0.12567643175028076,8.026436414822416e-109,525.7995924881926,-0.35484631440145487,-0.7590907267869305,0.14405468287347736,-0.7555513353028869,1.5898298417382843e-106,-19.892705793761216,-16.7416049474477,29619.343981703798,30311.61794227377,0.1092761203605325,0.14405573017664033
