,Revenue,COGS,Sessions,Pageviews,Bounce Rate,Orders,Units,AOV,Discounts
Revenue,1.0,0.9760218007249049,0.3210501612846629,0.3015730801867615,-0.020551417271431532,0.9376623632789586,0.921589845661864,-0.07474598488888033,0.23420154348476832
COGS,0.9760218007249049,1.0,0.32354734273763835,0.3031766171948432,-0.027121259943911156,0.9644065188328467,0.9498416330056214,-0.18132620875028319,0.3461024667404139
Sessions,0.3210501612846629,0.32354734273763835,1.0,0.9195890262247937,-0.004614429224443375,0.1908523422592389,0.15014376748019506,0.2711411066629294,0.0035231164535155304
Pageviews,0.3015730801867615,0.3031766171948432,0.9195890262247937,1.0,0.010369218450876343,0.1811360926770819,0.14324837676001992,0.24901409873471408,0.00015937849191059063
Bounce Rate,-0.020551417271431532,-0.027121259943911156,-0.004614429224443375,0.010369218450876343,1.0,-0.026222860218326625,-0.028004706187140207,0.02785255939662704,-0.017015365058120353
Orders,0.9376623632789586,0.9644065188328467,0.1908523422592389,0.1811360926770819,-0.026222860218326625,1.0,0.9956980393396438,-0.354846314401455,0.38637170608214205
Units,0.921589845661864,0.9498416330056214,0.15014376748019506,0.14324837676001992,-0.028004706187140207,0.9956980393396438,1.0,-0.3737663278598721,0.3991975865808239
AOV,-0.07474598488888033,-0.18132620875028319,0.2711411066629294,0.24901409873471408,0.02785255939662704,-0.354846314401455,-0.3737663278598721,1.0,-0.40441647391075036
Discounts,0.23420154348476832,0.3461024667404139,0.0035231164535155304,0.00015937849191059063,-0.017015365058120353,0.38637170608214205,0.3991975865808239,-0.40441647391075036,1.0
