Feature,Mean,Std,Median,IQR,Skewness,Kurtosis,Min,Max,Mean_95CI_Low,Mean_95CI_High
Revenue,4295996.395813253,2662631.733882036,3647242.08,2969955.48,1.6527523549729446,3.9057374939630494,279813.94,20905271.35,4209638.551932443,4382354.239694063
COGS,3717411.992157722,2252744.588946688,3192149.69,2559894.64,1.597092790677526,3.53117698219864,236576.31,16535857.67,3644348.1271702945,3790475.8571451493
Sessions,25041.768072289156,9422.609335200146,23633.5,14683.5,0.471342396219757,-0.6604643676317958,7973.0,50947.0,24736.162075198186,25347.374069380126
Pageviews,108615.22453450164,44472.05552373457,101010.5,65104.0,0.6474626777597655,-0.1808332093862579,30451.0,275560.0,107172.85051818282,110057.59855082046
Bounce Rate,0.004487291894852137,0.0007525192086349569,0.00445,0.0013124999999999994,0.03817098036112775,-1.1981645490670614,0.0032,0.0058,0.004462885239019991,0.004511698550684283
Orders,168.37185104052574,112.2657700709889,138.0,128.0,1.640444499902376,3.4240696901489676,8.0,803.0,164.73070543199867,172.0129966490528
Units,834.2981927710844,566.7980409689625,680.0,647.25,1.6574728095075228,3.4435927745181294,29.0,3879.0,815.9150810132362,852.6813045289325
AOV,26885.715385245545,5795.213921676799,26871.091484259716,7074.911139739765,0.017753196600882593,0.26320847368830513,10983.74764044944,55063.135,26697.7576693002,27073.67310119089
Discounts,205259.3976177437,336428.918487558,0.0,340901.3925,2.256532241344445,6.379684815841651,0.0,2623653.76,194347.90893906733,216170.88629642007
