bang,Đầy đủ,Hợp lệ,Chính xác,Nhất quán,Duy nhất,Kịp thời
sales,1.0,1.0,1.0,,1.0,1.0
web_traffic,1.0,1.0,,,1.0,0.9758183032732131
orders,1.0,1.0,,0.7430735799273429,1.0,1.0
order_items,0.7695604538604585,1.0,0.00010634293638034364,1.0,0.9999776120133936,
products,1.0,1.0,,,1.0,
customers,1.0,,,1.0,1.0,
geography,1.0,,,,1.0,
payments,1.0,1.0,1.0,1.0,1.0,
shipments,1.0,1.0,,1.0,1.0,1.0
returns,1.0,1.0,,1.0,1.0,1.0
reviews,1.0,1.0,,1.0,1.0,1.0
promotions,0.92,1.0,,,1.0,1.0
inventory,1.0,1.0,,1.0,1.0,1.0
